claimed_loss,estimated_damage,difference,farm_area,model_confidence,evidence_json,latitude,farm_polygon,event_type,crop_stage,consistency_label,dataset_notice
46.66,90.26,43.61,6.11,0.4292,"{""factors"": [{""source"": ""photo_quality"", ""value"": ""review""}]}",19.730401,,Flood,Vegetative,INCONSISTENT,synthetic/research demonstration; NOT officer-verified PMFBY claim labels
20.05,0,20.05,6.7,0.9257,"{""factors"": [{""source"": ""photo_quality"", ""value"": ""review""}]}",,,Hailstorm,Vegetative,INCONSISTENT,synthetic/research demonstration; NOT officer-verified PMFBY claim labels
67.87,59.1,8.77,8.01,0.6152,"{""factors"": [{""source"": ""photo_quality"", ""value"": ""review""}]}",20.439435,,Drought,Maturity,SUPPORTED,synthetic/research demonstration; NOT officer-verified PMFBY claim labels
67.43,56.8,10.63,10.74,0.673,"{""factors"": [{""source"": ""photo_quality"", ""value"": ""acceptable""}]}",20.116145,,Drought,Flowering,SUPPORTED,synthetic/research demonstration; NOT officer-verified PMFBY claim labels
59.95,65.07,5.12,4.22,0.7666,"{""factors"": [{""source"": ""photo_quality"", ""value"": ""acceptable""}]}",22.395408,,Pest,Maturity,SUPPORTED,synthetic/research demonstration; NOT officer-verified PMFBY claim labels
71.59,60.97,10.61,7.21,0.9752,"{""factors"": [{""source"": ""photo_quality"", ""value"": ""acceptable""}]}",21.270938,,Pest,Flowering,SUPPORTED,synthetic/research demonstration; NOT officer-verified PMFBY claim labels
49.33,73.83,24.5,1.93,0.5836,"{""factors"": [{""source"": ""photo_quality"", ""value"": ""review""}]}",18.635715,,Hailstorm,Maturity,INCONSISTENT,synthetic/research demonstration; NOT officer-verified PMFBY claim labels
19.94,9.79,10.15,9.44,0.4897,"{""factors"": [{""source"": ""photo_quality"", ""value"": ""acceptable""}]}",18.993683,,Hailstorm,Vegetative,SUPPORTED,synthetic/research demonstration; NOT officer-verified PMFBY claim labels
34.36,28.09,6.27,9.75,0.4531,"{""factors"": [{""source"": ""photo_quality"", ""value"": ""acceptable""}]}",18.277718,,Hailstorm,Flowering,SUPPORTED,synthetic/research demonstration; NOT officer-verified PMFBY claim labels
54.25,67.16,12.91,1.1,0.6494,"{""factors"": [{""source"": ""photo_quality"", ""value"": ""review""}]}",19.123761,,Pest,Vegetative,SUPPORTED,synthetic/research demonstration; NOT officer-verified PMFBY claim labels
49.01,44.46,4.55,11.22,0.5738,"{""factors"": [{""source"": ""photo_quality"", ""value"": ""review""}]}",21.729405,,,Flowering,SUPPORTED,synthetic/research demonstration; NOT officer-verified PMFBY claim labels
52.38,75.97,23.6,11.53,0.5377,"{""factors"": [{""source"": ""photo_quality"", ""value"": ""acceptable""}]}",18.66733,,Hailstorm,,INCONSISTENT,synthetic/research demonstration; NOT officer-verified PMFBY claim labels
89.73,90.23,0.5,9.78,0.6306,"{""factors"": [{""source"": ""photo_quality"", ""value"": ""acceptable""}]}",20.056069,,Pest,Flowering,SUPPORTED,synthetic/research demonstration; NOT officer-verified PMFBY claim labels
88.1,76.97,11.13,8.05,0.5078,"{""factors"": [{""source"": ""photo_quality"", ""value"": ""acceptable""}]}",20.349494,,Drought,Flowering,SUPPORTED,synthetic/research demonstration; NOT officer-verified PMFBY claim labels
25.58,0.72,24.87,7.86,0.8583,"{""factors"": [{""source"": ""photo_quality"", ""value"": ""review""}]}",,,Hailstorm,Maturity,INCONSISTENT,synthetic/research demonstration; NOT officer-verified PMFBY claim labels
17.29,25.13,7.84,0.67,0.825,"{""factors"": [{""source"": ""photo_quality"", ""value"": ""acceptable""}]}",22.326498,,Flood,,SUPPORTED,synthetic/research demonstration; NOT officer-verified PMFBY claim labels
54.72,65.75,11.03,0.59,0.767,"{""factors"": [{""source"": ""photo_quality"", ""value"": ""acceptable""}]}",22.108867,,Flood,Flowering,SUPPORTED,synthetic/research demonstration; NOT officer-verified PMFBY claim labels
21.04,67.92,46.89,11.38,0.8785,"{""factors"": [{""source"": ""photo_quality"", ""value"": ""review""}]}",19.210377,,,,INCONSISTENT,synthetic/research demonstration; NOT officer-verified PMFBY claim labels
67.3,78.85,11.55,2.32,0.5485,"{""factors"": [{""source"": ""photo_quality"", ""value"": ""acceptable""}]}",19.177372,,Drought,Maturity,SUPPORTED,synthetic/research demonstration; NOT officer-verified PMFBY claim labels
64.97,21.45,43.52,11.36,0.5232,"{""factors"": [{""source"": ""photo_quality"", ""value"": ""review""}]}",,,Flood,Vegetative,INCONSISTENT,synthetic/research demonstration; NOT officer-verified PMFBY claim labels
85.82,68.18,17.64,3.81,0.548,"{""factors"": [{""source"": ""photo_quality"", ""value"": ""acceptable""}]}",20.171156,,Hailstorm,,INCONSISTENT,synthetic/research demonstration; NOT officer-verified PMFBY claim labels
46.68,73.1,26.42,1.76,0.9138,"{""factors"": [{""source"": ""photo_quality"", ""value"": ""acceptable""}]}",,,Flood,Vegetative,SUPPORTED,synthetic/research demonstration; NOT officer-verified PMFBY claim labels
56.21,91.24,35.03,4.31,0.9501,"{""factors"": [{""source"": ""photo_quality"", ""value"": ""review""}]}",21.215245,,Pest,,INCONSISTENT,synthetic/research demonstration; NOT officer-verified PMFBY claim labels
36.94,47.57,10.63,6.24,0.8203,"{""factors"": [{""source"": ""photo_quality"", ""value"": ""acceptable""}]}",19.817569,,Pest,Vegetative,SUPPORTED,synthetic/research demonstration; NOT officer-verified PMFBY claim labels
69.37,70.24,0.86,4.45,0.697,"{""factors"": [{""source"": ""photo_quality"", ""value"": ""acceptable""}]}",18.579815,,Flood,Vegetative,SUPPORTED,synthetic/research demonstration; NOT officer-verified PMFBY claim labels
85.19,89.62,4.43,7.55,0.6758,"{""factors"": [{""source"": ""photo_quality"", ""value"": ""review""}]}",21.847059,,Pest,Flowering,SUPPORTED,synthetic/research demonstration; NOT officer-verified PMFBY claim labels
50.47,23.18,27.29,8.5,0.8629,"{""factors"": [{""source"": ""photo_quality"", ""value"": ""acceptable""}]}",,,Pest,,INCONSISTENT,synthetic/research demonstration; NOT officer-verified PMFBY claim labels
28.3,43.14,14.84,4.52,0.7629,"{""factors"": [{""source"": ""photo_quality"", ""value"": ""acceptable""}]}",21.610155,,Drought,Maturity,SUPPORTED,synthetic/research demonstration; NOT officer-verified PMFBY claim labels
78.59,46.28,32.3,9.09,0.9149,"{""factors"": [{""source"": ""photo_quality"", ""value"": ""acceptable""}]}",21.799859,,Flood,,INCONSISTENT,synthetic/research demonstration; NOT officer-verified PMFBY claim labels
39.06,22.66,16.4,1.54,0.548,"{""factors"": [{""source"": ""photo_quality"", ""value"": ""review""}]}",21.2057,,Pest,Maturity,INCONSISTENT,synthetic/research demonstration; NOT officer-verified PMFBY claim labels
74.06,38.03,36.04,1.29,0.5611,"{""factors"": [{""source"": ""photo_quality"", ""value"": ""acceptable""}]}",20.781135,,,Vegetative,INCONSISTENT,synthetic/research demonstration; NOT officer-verified PMFBY claim labels
31.04,37.09,6.05,10.46,0.7194,"{""factors"": [{""source"": ""photo_quality"", ""value"": ""acceptable""}]}",21.561812,,Hailstorm,Maturity,SUPPORTED,synthetic/research demonstration; NOT officer-verified PMFBY claim labels
66.56,86.37,19.81,0.81,0.5499,"{""factors"": [{""source"": ""photo_quality"", ""value"": ""review""}]}",19.35107,,Flood,,INCONSISTENT,synthetic/research demonstration; NOT officer-verified PMFBY claim labels
51.94,16.4,35.55,6.94,0.9734,"{""factors"": [{""source"": ""photo_quality"", ""value"": ""acceptable""}]}",21.32715,,,,INCONSISTENT,synthetic/research demonstration; NOT officer-verified PMFBY claim labels
63.36,40.76,22.59,5.34,0.9229,"{""factors"": [{""source"": ""photo_quality"", ""value"": ""review""}]}",19.095006,,Drought,Flowering,INCONSISTENT,synthetic/research demonstration; NOT officer-verified PMFBY claim labels
85.76,73.43,12.33,1.56,0.7679,"{""factors"": [{""source"": ""photo_quality"", ""value"": ""acceptable""}]}",21.663081,,Flood,Flowering,SUPPORTED,synthetic/research demonstration; NOT officer-verified PMFBY claim labels
60.86,50.05,10.81,1.71,0.9236,"{""factors"": [{""source"": ""photo_quality"", ""value"": ""acceptable""}]}",19.989458,,Flood,Maturity,SUPPORTED,synthetic/research demonstration; NOT officer-verified PMFBY claim labels
36.99,46.77,9.77,5.07,0.4261,"{""factors"": [{""source"": ""photo_quality"", ""value"": ""acceptable""}]}",21.706993,,Pest,Flowering,SUPPORTED,synthetic/research demonstration; NOT officer-verified PMFBY claim labels
20.94,43.64,22.69,11.25,0.8876,"{""factors"": [{""source"": ""photo_quality"", ""value"": ""review""}]}",,,,,INCONSISTENT,synthetic/research demonstration; NOT officer-verified PMFBY claim labels
25.48,54.88,29.4,8.28,0.7106,"{""factors"": [{""source"": ""photo_quality"", ""value"": ""acceptable""}]}",18.535855,,Hailstorm,Maturity,INCONSISTENT,synthetic/research demonstration; NOT officer-verified PMFBY claim labels
86.03,93.13,7.1,8.87,0.596,"{""factors"": [{""source"": ""photo_quality"", ""value"": ""review""}]}",,,Pest,Vegetative,SUPPORTED,synthetic/research demonstration; NOT officer-verified PMFBY claim labels
66.17,58.12,8.06,5.14,0.7285,"{""factors"": [{""source"": ""photo_quality"", ""value"": ""acceptable""}]}",20.398196,,Flood,Flowering,SUPPORTED,synthetic/research demonstration; NOT officer-verified PMFBY claim labels
41.88,72.54,30.66,6.31,0.5033,"{""factors"": [{""source"": ""photo_quality"", ""value"": ""review""}]}",18.210313,,Flood,Flowering,INCONSISTENT,synthetic/research demonstration; NOT officer-verified PMFBY claim labels
22.83,36.2,13.37,8.09,0.752,"{""factors"": [{""source"": ""photo_quality"", ""value"": ""acceptable""}]}",22.478054,,Drought,Vegetative,SUPPORTED,synthetic/research demonstration; NOT officer-verified PMFBY claim labels
89.55,100,10.45,4.83,0.7393,"{""factors"": [{""source"": ""photo_quality"", ""value"": ""review""}]}",21.970866,,,Flowering,INCONSISTENT,synthetic/research demonstration; NOT officer-verified PMFBY claim labels
48.5,86.77,38.27,8.59,0.8946,"{""factors"": [{""source"": ""photo_quality"", ""value"": ""review""}]}",20.018901,,Flood,,INCONSISTENT,synthetic/research demonstration; NOT officer-verified PMFBY claim labels
21.22,32.98,11.76,1.76,0.9589,"{""factors"": [{""source"": ""photo_quality"", ""value"": ""acceptable""}]}",18.99267,,Hailstorm,Flowering,SUPPORTED,synthetic/research demonstration; NOT officer-verified PMFBY claim labels
45.46,45.96,0.5,11.75,0.971,"{""factors"": [{""source"": ""photo_quality"", ""value"": ""acceptable""}]}",21.557039,,Drought,Vegetative,SUPPORTED,synthetic/research demonstration; NOT officer-verified PMFBY claim labels
40.27,0,40.27,4.43,0.4739,"{""factors"": [{""source"": ""photo_quality"", ""value"": ""review""}]}",,,Hailstorm,Maturity,INCONSISTENT,synthetic/research demonstration; NOT officer-verified PMFBY claim labels
84.52,84.02,0.5,5.27,0.656,"{""factors"": [{""source"": ""photo_quality"", ""value"": ""acceptable""}]}",18.404228,,,Vegetative,SUPPORTED,synthetic/research demonstration; NOT officer-verified PMFBY claim labels
45.93,57.68,11.75,6.97,0.6445,"{""factors"": [{""source"": ""photo_quality"", ""value"": ""acceptable""}]}",19.743869,,Flood,Vegetative,SUPPORTED,synthetic/research demonstration; NOT officer-verified PMFBY claim labels
47.41,26.36,21.05,6.03,0.856,"{""factors"": [{""source"": ""photo_quality"", ""value"": ""acceptable""}]}",21.244966,,Flood,Maturity,SUPPORTED,synthetic/research demonstration; NOT officer-verified PMFBY claim labels
53.23,100,46.77,2.7,0.4876,"{""factors"": [{""source"": ""photo_quality"", ""value"": ""review""}]}",20.736691,,Hailstorm,Maturity,INCONSISTENT,synthetic/research demonstration; NOT officer-verified PMFBY claim labels
21.01,0,21.01,5.39,0.7844,"{""factors"": [{""source"": ""photo_quality"", ""value"": ""review""}]}",,,,Maturity,INCONSISTENT,synthetic/research demonstration; NOT officer-verified PMFBY claim labels
53.42,84.58,31.16,6.98,0.7105,"{""factors"": [{""source"": ""photo_quality"", ""value"": ""review""}]}",18.846073,,,Vegetative,INCONSISTENT,synthetic/research demonstration; NOT officer-verified PMFBY claim labels
48.72,81.83,33.11,8.16,0.9143,"{""factors"": [{""source"": ""photo_quality"", ""value"": ""review""}]}",,,Hailstorm,,INCONSISTENT,synthetic/research demonstration; NOT officer-verified PMFBY claim labels
19.11,48.14,29.04,3.92,0.47,"{""factors"": [{""source"": ""photo_quality"", ""value"": ""review""}]}",18.795846,,Hailstorm,,INCONSISTENT,synthetic/research demonstration; NOT officer-verified PMFBY claim labels
84.69,100,15.31,6.75,0.4691,"{""factors"": [{""source"": ""photo_quality"", ""value"": ""acceptable""}]}",,,,,INCONSISTENT,synthetic/research demonstration; NOT officer-verified PMFBY claim labels
34.28,29.38,4.9,4.39,0.6356,"{""factors"": [{""source"": ""photo_quality"", ""value"": ""review""}]}",22.183468,,Pest,Maturity,INCONSISTENT,synthetic/research demonstration; NOT officer-verified PMFBY claim labels
53.82,64.33,10.51,6.68,0.563,"{""factors"": [{""source"": ""photo_quality"", ""value"": ""acceptable""}]}",18.568112,,Hailstorm,Flowering,SUPPORTED,synthetic/research demonstration; NOT officer-verified PMFBY claim labels
32.23,45.66,13.43,9.25,0.512,"{""factors"": [{""source"": ""photo_quality"", ""value"": ""acceptable""}]}",21.976238,,Hailstorm,Vegetative,SUPPORTED,synthetic/research demonstration; NOT officer-verified PMFBY claim labels
62.68,45.95,16.73,6.83,0.8552,"{""factors"": [{""source"": ""photo_quality"", ""value"": ""review""}]}",20.200666,,Pest,,INCONSISTENT,synthetic/research demonstration; NOT officer-verified PMFBY claim labels
24.69,25.19,0.5,5.4,0.4873,"{""factors"": [{""source"": ""photo_quality"", ""value"": ""acceptable""}]}",21.28587,,Drought,,SUPPORTED,synthetic/research demonstration; NOT officer-verified PMFBY claim labels
40.4,50.67,10.27,2.89,0.7972,"{""factors"": [{""source"": ""photo_quality"", ""value"": ""acceptable""}]}",20.177899,,Drought,Maturity,SUPPORTED,synthetic/research demonstration; NOT officer-verified PMFBY claim labels
27.14,53.16,26.02,11.99,0.7818,"{""factors"": [{""source"": ""photo_quality"", ""value"": ""review""}]}",,,Pest,Flowering,INCONSISTENT,synthetic/research demonstration; NOT officer-verified PMFBY claim labels
73.43,97.78,24.36,6.31,0.619,"{""factors"": [{""source"": ""photo_quality"", ""value"": ""acceptable""}]}",18.208495,,Pest,Maturity,INCONSISTENT,synthetic/research demonstration; NOT officer-verified PMFBY claim labels
75.81,100,24.19,5.83,0.8251,"{""factors"": [{""source"": ""photo_quality"", ""value"": ""acceptable""}]}",21.131983,,,Flowering,INCONSISTENT,synthetic/research demonstration; NOT officer-verified PMFBY claim labels
60.96,47.17,13.79,6.54,0.8383,"{""factors"": [{""source"": ""photo_quality"", ""value"": ""acceptable""}]}",18.961637,,Flood,Flowering,SUPPORTED,synthetic/research demonstration; NOT officer-verified PMFBY claim labels
85.0,76.94,8.06,2.62,0.9428,"{""factors"": [{""source"": ""photo_quality"", ""value"": ""acceptable""}]}",18.491584,,Hailstorm,Flowering,SUPPORTED,synthetic/research demonstration; NOT officer-verified PMFBY claim labels
29.66,58.87,29.21,8.48,0.6655,"{""factors"": [{""source"": ""photo_quality"", ""value"": ""review""}]}",20.561877,,Flood,Vegetative,INCONSISTENT,synthetic/research demonstration; NOT officer-verified PMFBY claim labels
55.74,70.46,14.72,9.64,0.5262,"{""factors"": [{""source"": ""photo_quality"", ""value"": ""acceptable""}]}",20.707872,,Hailstorm,Flowering,SUPPORTED,synthetic/research demonstration; NOT officer-verified PMFBY claim labels
60.83,61.89,1.06,7.68,0.9642,"{""factors"": [{""source"": ""photo_quality"", ""value"": ""review""}]}",21.708927,,Hailstorm,Flowering,SUPPORTED,synthetic/research demonstration; NOT officer-verified PMFBY claim labels
36.28,73.24,36.95,2.24,0.8495,"{""factors"": [{""source"": ""photo_quality"", ""value"": ""review""}]}",20.240613,,Hailstorm,,INCONSISTENT,synthetic/research demonstration; NOT officer-verified PMFBY claim labels
26.85,50.13,23.27,10.83,0.9443,"{""factors"": [{""source"": ""photo_quality"", ""value"": ""acceptable""}]}",18.149681,,,,INCONSISTENT,synthetic/research demonstration; NOT officer-verified PMFBY claim labels
41.51,31.18,10.33,5.84,0.8111,"{""factors"": [{""source"": ""photo_quality"", ""value"": ""acceptable""}]}",,,Drought,Flowering,SUPPORTED,synthetic/research demonstration; NOT officer-verified PMFBY claim labels
84.33,84.83,0.5,4.91,0.9128,"{""factors"": [{""source"": ""photo_quality"", ""value"": ""review""}]}",21.61364,,Drought,Maturity,SUPPORTED,synthetic/research demonstration; NOT officer-verified PMFBY claim labels
18.14,0,18.14,1.2,0.736,"{""factors"": [{""source"": ""photo_quality"", ""value"": ""review""}]}",,,Drought,,INCONSISTENT,synthetic/research demonstration; NOT officer-verified PMFBY claim labels
40.72,44.1,3.38,6.45,0.9134,"{""factors"": [{""source"": ""photo_quality"", ""value"": ""acceptable""}]}",21.688098,,Drought,Maturity,SUPPORTED,synthetic/research demonstration; NOT officer-verified PMFBY claim labels
32.22,20.18,12.03,6.17,0.8097,"{""factors"": [{""source"": ""photo_quality"", ""value"": ""review""}]}",,,Pest,Vegetative,INCONSISTENT,synthetic/research demonstration; NOT officer-verified PMFBY claim labels
66.65,42.12,24.52,10.59,0.6959,"{""factors"": [{""source"": ""photo_quality"", ""value"": ""acceptable""}]}",21.820629,,Pest,Vegetative,INCONSISTENT,synthetic/research demonstration; NOT officer-verified PMFBY claim labels
27.79,0,27.79,10.37,0.8806,"{""factors"": [{""source"": ""photo_quality"", ""value"": ""acceptable""}]}",18.014324,,,Vegetative,INCONSISTENT,synthetic/research demonstration; NOT officer-verified PMFBY claim labels
64.51,76.74,12.24,3.69,0.6501,"{""factors"": [{""source"": ""photo_quality"", ""value"": ""acceptable""}]}",18.679907,,Hailstorm,Vegetative,SUPPORTED,synthetic/research demonstration; NOT officer-verified PMFBY claim labels
52.78,48.48,4.3,0.94,0.8851,"{""factors"": [{""source"": ""photo_quality"", ""value"": ""review""}]}",20.600676,,Drought,Maturity,SUPPORTED,synthetic/research demonstration; NOT officer-verified PMFBY claim labels
56.55,26.52,30.03,3.98,0.8975,"{""factors"": [{""source"": ""photo_quality"", ""value"": ""review""}]}",18.704321,,Pest,Maturity,INCONSISTENT,synthetic/research demonstration; NOT officer-verified PMFBY claim labels
85.94,99.7,13.75,0.4,0.5808,"{""factors"": [{""source"": ""photo_quality"", ""value"": ""review""}]}",20.529816,,,Maturity,INCONSISTENT,synthetic/research demonstration; NOT officer-verified PMFBY claim labels
57.96,32.5,25.47,4.02,0.4704,"{""factors"": [{""source"": ""photo_quality"", ""value"": ""review""}]}",,,Flood,Flowering,INCONSISTENT,synthetic/research demonstration; NOT officer-verified PMFBY claim labels
85.0,100,15.0,2.64,0.4367,"{""factors"": [{""source"": ""photo_quality"", ""value"": ""review""}]}",,,Drought,,INCONSISTENT,synthetic/research demonstration; NOT officer-verified PMFBY claim labels
57.95,91.94,33.99,7.93,0.769,"{""factors"": [{""source"": ""photo_quality"", ""value"": ""review""}]}",,,Flood,Flowering,INCONSISTENT,synthetic/research demonstration; NOT officer-verified PMFBY claim labels
63.01,62.51,0.5,8.32,0.9468,"{""factors"": [{""source"": ""photo_quality"", ""value"": ""acceptable""}]}",18.572927,,Flood,Vegetative,SUPPORTED,synthetic/research demonstration; NOT officer-verified PMFBY claim labels
80.59,97.05,16.46,11.38,0.5291,"{""factors"": [{""source"": ""photo_quality"", ""value"": ""acceptable""}]}",,,Pest,Vegetative,SUPPORTED,synthetic/research demonstration; NOT officer-verified PMFBY claim labels
74.19,88.2,14.01,8.7,0.4942,"{""factors"": [{""source"": ""photo_quality"", ""value"": ""acceptable""}]}",19.428119,,Drought,Vegetative,SUPPORTED,synthetic/research demonstration; NOT officer-verified PMFBY claim labels
40.9,67.48,26.58,8.83,0.597,"{""factors"": [{""source"": ""photo_quality"", ""value"": ""acceptable""}]}",18.071541,,,Flowering,INCONSISTENT,synthetic/research demonstration; NOT officer-verified PMFBY claim labels
15.94,10.79,5.16,0.48,0.7678,"{""factors"": [{""source"": ""photo_quality"", ""value"": ""review""}]}",18.403891,,Hailstorm,Flowering,SUPPORTED,synthetic/research demonstration; NOT officer-verified PMFBY claim labels
64.5,67.38,2.88,10.09,0.786,"{""factors"": [{""source"": ""photo_quality"", ""value"": ""review""}]}",18.430373,,Flood,Flowering,SUPPORTED,synthetic/research demonstration; NOT officer-verified PMFBY claim labels
21.03,74.88,53.85,5.61,0.8292,"{""factors"": [{""source"": ""photo_quality"", ""value"": ""acceptable""}]}",,,Flood,Vegetative,INCONSISTENT,synthetic/research demonstration; NOT officer-verified PMFBY claim labels
61.23,24.88,36.35,8.87,0.8088,"{""factors"": [{""source"": ""photo_quality"", ""value"": ""review""}]}",21.863607,,Flood,,INCONSISTENT,synthetic/research demonstration; NOT officer-verified PMFBY claim labels
39.2,4.3,34.9,6.66,0.7818,"{""factors"": [{""source"": ""photo_quality"", ""value"": ""review""}]}",,,Drought,Vegetative,INCONSISTENT,synthetic/research demonstration; NOT officer-verified PMFBY claim labels
89.71,81.86,7.84,10.65,0.8981,"{""factors"": [{""source"": ""photo_quality"", ""value"": ""acceptable""}]}",21.153407,,Pest,Vegetative,SUPPORTED,synthetic/research demonstration; NOT officer-verified PMFBY claim labels
46.13,54.19,8.06,4.59,0.8508,"{""factors"": [{""source"": ""photo_quality"", ""value"": ""acceptable""}]}",21.578548,,Flood,,SUPPORTED,synthetic/research demonstration; NOT officer-verified PMFBY claim labels
39.91,13.49,26.42,0.4,0.5679,"{""factors"": [{""source"": ""photo_quality"", ""value"": ""acceptable""}]}",19.510187,,Pest,Flowering,INCONSISTENT,synthetic/research demonstration; NOT officer-verified PMFBY claim labels
15.32,0,15.32,10.11,0.5827,"{""factors"": [{""source"": ""photo_quality"", ""value"": ""acceptable""}]}",20.976733,,Drought,,INCONSISTENT,synthetic/research demonstration; NOT officer-verified PMFBY claim labels
91.31,51.25,40.06,3.26,0.9865,"{""factors"": [{""source"": ""photo_quality"", ""value"": ""review""}]}",,,Drought,,INCONSISTENT,synthetic/research demonstration; NOT officer-verified PMFBY claim labels
47.09,61.26,14.16,2.8,0.5222,"{""factors"": [{""source"": ""photo_quality"", ""value"": ""acceptable""}]}",21.643952,,Pest,Vegetative,SUPPORTED,synthetic/research demonstration; NOT officer-verified PMFBY claim labels
36.0,43.76,7.76,7.53,0.5172,"{""factors"": [{""source"": ""photo_quality"", ""value"": ""acceptable""}]}",21.485648,,Flood,Flowering,SUPPORTED,synthetic/research demonstration; NOT officer-verified PMFBY claim labels
80.02,83.16,3.14,5.81,0.5526,"{""factors"": [{""source"": ""photo_quality"", ""value"": ""acceptable""}]}",,,Flood,Maturity,SUPPORTED,synthetic/research demonstration; NOT officer-verified PMFBY claim labels
88.94,89.55,0.61,5.07,0.8318,"{""factors"": [{""source"": ""photo_quality"", ""value"": ""acceptable""}]}",18.582906,,Flood,Flowering,SUPPORTED,synthetic/research demonstration; NOT officer-verified PMFBY claim labels
42.48,17.95,24.53,5.13,0.6774,"{""factors"": [{""source"": ""photo_quality"", ""value"": ""acceptable""}]}",,,Hailstorm,,INCONSISTENT,synthetic/research demonstration; NOT officer-verified PMFBY claim labels
47.52,41.16,6.36,7.83,0.7768,"{""factors"": [{""source"": ""photo_quality"", ""value"": ""acceptable""}]}",18.512613,,,,SUPPORTED,synthetic/research demonstration; NOT officer-verified PMFBY claim labels
75.42,98.93,23.51,4.03,0.6606,"{""factors"": [{""source"": ""photo_quality"", ""value"": ""review""}]}",19.677508,,Pest,,INCONSISTENT,synthetic/research demonstration; NOT officer-verified PMFBY claim labels
84.51,80.07,4.44,9.44,0.8215,"{""factors"": [{""source"": ""photo_quality"", ""value"": ""review""}]}",18.137551,,Pest,Maturity,SUPPORTED,synthetic/research demonstration; NOT officer-verified PMFBY claim labels
51.89,59.89,8.0,9.03,0.6987,"{""factors"": [{""source"": ""photo_quality"", ""value"": ""acceptable""}]}",21.099274,,Drought,Vegetative,SUPPORTED,synthetic/research demonstration; NOT officer-verified PMFBY claim labels
41.26,34.55,6.71,8.13,0.9067,"{""factors"": [{""source"": ""photo_quality"", ""value"": ""acceptable""}]}",20.347636,,Drought,Maturity,SUPPORTED,synthetic/research demonstration; NOT officer-verified PMFBY claim labels
76.8,82.28,5.48,0.69,0.6521,"{""factors"": [{""source"": ""photo_quality"", ""value"": ""acceptable""}]}",18.442795,,Flood,,SUPPORTED,synthetic/research demonstration; NOT officer-verified PMFBY claim labels
16.27,4.63,11.63,2.94,0.487,"{""factors"": [{""source"": ""photo_quality"", ""value"": ""acceptable""}]}",20.143496,,Drought,Maturity,SUPPORTED,synthetic/research demonstration; NOT officer-verified PMFBY claim labels
32.61,0,32.61,9.02,0.9164,"{""factors"": [{""source"": ""photo_quality"", ""value"": ""review""}]}",18.4037,,,Flowering,INCONSISTENT,synthetic/research demonstration; NOT officer-verified PMFBY claim labels
68.44,57.89,10.55,1.71,0.8796,"{""factors"": [{""source"": ""photo_quality"", ""value"": ""acceptable""}]}",21.856723,,Hailstorm,Vegetative,SUPPORTED,synthetic/research demonstration; NOT officer-verified PMFBY claim labels
50.76,50.26,0.5,6.25,0.4531,"{""factors"": [{""source"": ""photo_quality"", ""value"": ""acceptable""}]}",,,Hailstorm,,SUPPORTED,synthetic/research demonstration; NOT officer-verified PMFBY claim labels
16.03,4.99,11.04,3.3,0.7586,"{""factors"": [{""source"": ""photo_quality"", ""value"": ""acceptable""}]}",20.52069,,Flood,Maturity,SUPPORTED,synthetic/research demonstration; NOT officer-verified PMFBY claim labels
26.4,53.95,27.55,7.55,0.7012,"{""factors"": [{""source"": ""photo_quality"", ""value"": ""review""}]}",,,Hailstorm,Maturity,INCONSISTENT,synthetic/research demonstration; NOT officer-verified PMFBY claim labels
63.08,63.58,0.5,5.41,0.5069,"{""factors"": [{""source"": ""photo_quality"", ""value"": ""acceptable""}]}",22.13361,,Drought,Flowering,SUPPORTED,synthetic/research demonstration; NOT officer-verified PMFBY claim labels
21.86,25.2,3.34,7.0,0.6306,"{""factors"": [{""source"": ""photo_quality"", ""value"": ""acceptable""}]}",18.44248,,Pest,Maturity,SUPPORTED,synthetic/research demonstration; NOT officer-verified PMFBY claim labels
83.18,73.62,9.57,1.4,0.8516,"{""factors"": [{""source"": ""photo_quality"", ""value"": ""acceptable""}]}",19.500832,,,Vegetative,SUPPORTED,synthetic/research demonstration; NOT officer-verified PMFBY claim labels
20.85,25.41,4.56,0.63,0.8298,"{""factors"": [{""source"": ""photo_quality"", ""value"": ""acceptable""}]}",18.754981,,,Flowering,SUPPORTED,synthetic/research demonstration; NOT officer-verified PMFBY claim labels
46.0,78.63,32.64,1.03,0.6617,"{""factors"": [{""source"": ""photo_quality"", ""value"": ""review""}]}",,,Hailstorm,Maturity,INCONSISTENT,synthetic/research demonstration; NOT officer-verified PMFBY claim labels
40.1,78.06,37.96,2.3,0.7382,"{""factors"": [{""source"": ""photo_quality"", ""value"": ""review""}]}",20.508252,,Drought,Maturity,INCONSISTENT,synthetic/research demonstration; NOT officer-verified PMFBY claim labels
73.02,60.46,12.55,10.56,0.6396,"{""factors"": [{""source"": ""photo_quality"", ""value"": ""acceptable""}]}",20.630647,,Flood,Maturity,SUPPORTED,synthetic/research demonstration; NOT officer-verified PMFBY claim labels
84.47,100,15.53,8.91,0.7535,"{""factors"": [{""source"": ""photo_quality"", ""value"": ""review""}]}",,,Pest,,INCONSISTENT,synthetic/research demonstration; NOT officer-verified PMFBY claim labels
81.44,79.95,1.48,0.77,0.976,"{""factors"": [{""source"": ""photo_quality"", ""value"": ""acceptable""}]}",20.528649,,Drought,Maturity,SUPPORTED,synthetic/research demonstration; NOT officer-verified PMFBY claim labels
16.24,41.67,25.44,5.41,0.4392,"{""factors"": [{""source"": ""photo_quality"", ""value"": ""acceptable""}]}",19.642996,,Hailstorm,,INCONSISTENT,synthetic/research demonstration; NOT officer-verified PMFBY claim labels
16.09,4.53,11.57,7.52,0.4649,"{""factors"": [{""source"": ""photo_quality"", ""value"": ""review""}]}",,,Flood,Maturity,INCONSISTENT,synthetic/research demonstration; NOT officer-verified PMFBY claim labels
29.44,37.44,8.0,4.7,0.6538,"{""factors"": [{""source"": ""photo_quality"", ""value"": ""acceptable""}]}",,,Drought,Maturity,SUPPORTED,synthetic/research demonstration; NOT officer-verified PMFBY claim labels
35.02,0,35.02,0.66,0.5172,"{""factors"": [{""source"": ""photo_quality"", ""value"": ""review""}]}",19.795871,,Pest,Vegetative,INCONSISTENT,synthetic/research demonstration; NOT officer-verified PMFBY claim labels
38.96,17.95,21.01,0.46,0.9882,"{""factors"": [{""source"": ""photo_quality"", ""value"": ""acceptable""}]}",22.27084,,Hailstorm,Maturity,INCONSISTENT,synthetic/research demonstration; NOT officer-verified PMFBY claim labels
73.28,50.14,23.15,9.33,0.8991,"{""factors"": [{""source"": ""photo_quality"", ""value"": ""review""}]}",20.88006,,,,INCONSISTENT,synthetic/research demonstration; NOT officer-verified PMFBY claim labels
67.41,76.92,9.51,4.23,0.7961,"{""factors"": [{""source"": ""photo_quality"", ""value"": ""acceptable""}]}",19.814822,,Flood,Vegetative,SUPPORTED,synthetic/research demonstration; NOT officer-verified PMFBY claim labels
29.66,42.66,13.0,11.18,0.6865,"{""factors"": [{""source"": ""photo_quality"", ""value"": ""review""}]}",19.174152,,Drought,Flowering,SUPPORTED,synthetic/research demonstration; NOT officer-verified PMFBY claim labels
24.22,61.07,36.85,1.3,0.4854,"{""factors"": [{""source"": ""photo_quality"", ""value"": ""review""}]}",18.536987,,,Vegetative,INCONSISTENT,synthetic/research demonstration; NOT officer-verified PMFBY claim labels
24.75,63.91,39.17,3.19,0.5515,"{""factors"": [{""source"": ""photo_quality"", ""value"": ""review""}]}",21.044621,,Hailstorm,,INCONSISTENT,synthetic/research demonstration; NOT officer-verified PMFBY claim labels
81.3,100,18.7,3.04,0.9131,"{""factors"": [{""source"": ""photo_quality"", ""value"": ""acceptable""}]}",19.253793,,Flood,Vegetative,INCONSISTENT,synthetic/research demonstration; NOT officer-verified PMFBY claim labels
44.68,12.4,32.28,11.89,0.7005,"{""factors"": [{""source"": ""photo_quality"", ""value"": ""acceptable""}]}",,,,,INCONSISTENT,synthetic/research demonstration; NOT officer-verified PMFBY claim labels
86.88,52.83,34.04,7.63,0.6725,"{""factors"": [{""source"": ""photo_quality"", ""value"": ""review""}]}",20.746488,,,Vegetative,INCONSISTENT,synthetic/research demonstration; NOT officer-verified PMFBY claim labels
79.52,87.81,8.29,1.72,0.704,"{""factors"": [{""source"": ""photo_quality"", ""value"": ""review""}]}",21.573157,,Pest,Maturity,SUPPORTED,synthetic/research demonstration; NOT officer-verified PMFBY claim labels
21.89,43.11,21.22,10.53,0.9201,"{""factors"": [{""source"": ""photo_quality"", ""value"": ""review""}]}",,,Drought,Flowering,INCONSISTENT,synthetic/research demonstration; NOT officer-verified PMFBY claim labels
23.44,0,23.44,5.04,0.6074,"{""factors"": [{""source"": ""photo_quality"", ""value"": ""review""}]}",21.764198,,Pest,,INCONSISTENT,synthetic/research demonstration; NOT officer-verified PMFBY claim labels
34.13,31.11,3.01,4.1,0.7061,"{""factors"": [{""source"": ""photo_quality"", ""value"": ""acceptable""}]}",19.963314,,Drought,Maturity,SUPPORTED,synthetic/research demonstration; NOT officer-verified PMFBY claim labels
86.87,87.37,0.5,3.46,0.8256,"{""factors"": [{""source"": ""photo_quality"", ""value"": ""acceptable""}]}",19.42854,,Flood,,SUPPORTED,synthetic/research demonstration; NOT officer-verified PMFBY claim labels
50.92,51.42,0.5,10.63,0.6533,"{""factors"": [{""source"": ""photo_quality"", ""value"": ""acceptable""}]}",18.28247,,Pest,Maturity,SUPPORTED,synthetic/research demonstration; NOT officer-verified PMFBY claim labels
18.58,32.83,14.25,0.68,0.9805,"{""factors"": [{""source"": ""photo_quality"", ""value"": ""review""}]}",20.701737,,,Flowering,INCONSISTENT,synthetic/research demonstration; NOT officer-verified PMFBY claim labels
55.37,92.89,37.51,5.09,0.7927,"{""factors"": [{""source"": ""photo_quality"", ""value"": ""review""}]}",,,Flood,Vegetative,INCONSISTENT,synthetic/research demonstration; NOT officer-verified PMFBY claim labels
83.85,95.5,11.65,10.71,0.7915,"{""factors"": [{""source"": ""photo_quality"", ""value"": ""acceptable""}]}",22.46467,,Hailstorm,Maturity,SUPPORTED,synthetic/research demonstration; NOT officer-verified PMFBY claim labels
51.64,14.55,37.09,5.38,0.976,"{""factors"": [{""source"": ""photo_quality"", ""value"": ""acceptable""}]}",,,,Maturity,INCONSISTENT,synthetic/research demonstration; NOT officer-verified PMFBY claim labels
75.3,92.42,17.12,10.54,0.5591,"{""factors"": [{""source"": ""photo_quality"", ""value"": ""acceptable""}]}",,,Pest,Maturity,INCONSISTENT,synthetic/research demonstration; NOT officer-verified PMFBY claim labels
15.09,1.53,13.55,4.18,0.8439,"{""factors"": [{""source"": ""photo_quality"", ""value"": ""review""}]}",21.531028,,Flood,,INCONSISTENT,synthetic/research demonstration; NOT officer-verified PMFBY claim labels
51.11,28.61,22.5,10.43,0.9316,"{""factors"": [{""source"": ""photo_quality"", ""value"": ""review""}]}",22.093705,,Hailstorm,Flowering,INCONSISTENT,synthetic/research demonstration; NOT officer-verified PMFBY claim labels
30.83,3.47,27.36,5.35,0.7393,"{""factors"": [{""source"": ""photo_quality"", ""value"": ""review""}]}",,,Hailstorm,,INCONSISTENT,synthetic/research demonstration; NOT officer-verified PMFBY claim labels
63.25,77.99,14.74,4.43,0.4318,"{""factors"": [{""source"": ""photo_quality"", ""value"": ""acceptable""}]}",19.185216,,Drought,Vegetative,SUPPORTED,synthetic/research demonstration; NOT officer-verified PMFBY claim labels
33.53,69.11,35.57,0.91,0.7945,"{""factors"": [{""source"": ""photo_quality"", ""value"": ""review""}]}",22.101305,,Flood,Maturity,INCONSISTENT,synthetic/research demonstration; NOT officer-verified PMFBY claim labels
51.33,94.14,42.81,8.21,0.6149,"{""factors"": [{""source"": ""photo_quality"", ""value"": ""review""}]}",18.050253,,Drought,Flowering,INCONSISTENT,synthetic/research demonstration; NOT officer-verified PMFBY claim labels
51.24,89.39,38.15,4.74,0.7095,"{""factors"": [{""source"": ""photo_quality"", ""value"": ""review""}]}",,,Hailstorm,Flowering,INCONSISTENT,synthetic/research demonstration; NOT officer-verified PMFBY claim labels
39.03,44.47,5.45,0.72,0.4222,"{""factors"": [{""source"": ""photo_quality"", ""value"": ""review""}]}",19.396677,,Flood,Maturity,SUPPORTED,synthetic/research demonstration; NOT officer-verified PMFBY claim labels
33.61,34.84,1.24,5.04,0.698,"{""factors"": [{""source"": ""photo_quality"", ""value"": ""acceptable""}]}",19.281567,,,Flowering,SUPPORTED,synthetic/research demonstration; NOT officer-verified PMFBY claim labels
29.76,53.54,23.77,3.77,0.7451,"{""factors"": [{""source"": ""photo_quality"", ""value"": ""acceptable""}]}",22.034461,,,Flowering,INCONSISTENT,synthetic/research demonstration; NOT officer-verified PMFBY claim labels
24.4,55.3,30.9,4.01,0.8315,"{""factors"": [{""source"": ""photo_quality"", ""value"": ""acceptable""}]}",,,Flood,Vegetative,INCONSISTENT,synthetic/research demonstration; NOT officer-verified PMFBY claim labels
17.47,47.33,29.85,10.79,0.4677,"{""factors"": [{""source"": ""photo_quality"", ""value"": ""acceptable""}]}",20.856033,,,,INCONSISTENT,synthetic/research demonstration; NOT officer-verified PMFBY claim labels
57.55,65.63,8.08,4.03,0.6632,"{""factors"": [{""source"": ""photo_quality"", ""value"": ""review""}]}",21.304059,,Flood,Maturity,SUPPORTED,synthetic/research demonstration; NOT officer-verified PMFBY claim labels
76.94,48.82,28.11,1.99,0.5883,"{""factors"": [{""source"": ""photo_quality"", ""value"": ""review""}]}",20.714623,,Flood,Flowering,INCONSISTENT,synthetic/research demonstration; NOT officer-verified PMFBY claim labels
17.55,17.05,0.5,0.98,0.5611,"{""factors"": [{""source"": ""photo_quality"", ""value"": ""acceptable""}]}",19.928298,,Drought,Maturity,SUPPORTED,synthetic/research demonstration; NOT officer-verified PMFBY claim labels
22.59,0,22.59,10.25,0.4296,"{""factors"": [{""source"": ""photo_quality"", ""value"": ""acceptable""}]}",19.71602,,Flood,,INCONSISTENT,synthetic/research demonstration; NOT officer-verified PMFBY claim labels
76.32,74.86,1.46,3.18,0.4234,"{""factors"": [{""source"": ""photo_quality"", ""value"": ""acceptable""}]}",21.989345,,Drought,Flowering,SUPPORTED,synthetic/research demonstration; NOT officer-verified PMFBY claim labels
72.9,68.57,4.33,7.17,0.7376,"{""factors"": [{""source"": ""photo_quality"", ""value"": ""acceptable""}]}",20.92805,,Pest,Flowering,SUPPORTED,synthetic/research demonstration; NOT officer-verified PMFBY claim labels
30.9,11.99,18.91,6.24,0.4438,"{""factors"": [{""source"": ""photo_quality"", ""value"": ""acceptable""}]}",,,Drought,,INCONSISTENT,synthetic/research demonstration; NOT officer-verified PMFBY claim labels
24.85,34.99,10.14,2.36,0.472,"{""factors"": [{""source"": ""photo_quality"", ""value"": ""acceptable""}]}",,,,,INCONSISTENT,synthetic/research demonstration; NOT officer-verified PMFBY claim labels
31.03,5.94,25.08,8.42,0.8655,"{""factors"": [{""source"": ""photo_quality"", ""value"": ""review""}]}",,,Hailstorm,Maturity,INCONSISTENT,synthetic/research demonstration; NOT officer-verified PMFBY claim labels
15.72,19.93,4.2,5.22,0.751,"{""factors"": [{""source"": ""photo_quality"", ""value"": ""acceptable""}]}",19.852849,,Pest,Vegetative,SUPPORTED,synthetic/research demonstration; NOT officer-verified PMFBY claim labels
80.09,100,19.91,10.63,0.5468,"{""factors"": [{""source"": ""photo_quality"", ""value"": ""review""}]}",,,Flood,,INCONSISTENT,synthetic/research demonstration; NOT officer-verified PMFBY claim labels
59.23,86.33,27.1,10.99,0.5059,"{""factors"": [{""source"": ""photo_quality"", ""value"": ""review""}]}",21.479047,,Drought,,INCONSISTENT,synthetic/research demonstration; NOT officer-verified PMFBY claim labels
82.6,63.99,18.6,1.16,0.6661,"{""factors"": [{""source"": ""photo_quality"", ""value"": ""review""}]}",21.085265,,Drought,,INCONSISTENT,synthetic/research demonstration; NOT officer-verified PMFBY claim labels
17.56,9.21,8.35,2.31,0.4946,"{""factors"": [{""source"": ""photo_quality"", ""value"": ""review""}]}",,,Hailstorm,Maturity,SUPPORTED,synthetic/research demonstration; NOT officer-verified PMFBY claim labels
34.21,33.17,1.04,11.94,0.6891,"{""factors"": [{""source"": ""photo_quality"", ""value"": ""acceptable""}]}",22.29814,,Pest,Maturity,SUPPORTED,synthetic/research demonstration; NOT officer-verified PMFBY claim labels
22.75,26.32,3.57,0.88,0.4911,"{""factors"": [{""source"": ""photo_quality"", ""value"": ""acceptable""}]}",22.248724,,Hailstorm,Vegetative,SUPPORTED,synthetic/research demonstration; NOT officer-verified PMFBY claim labels
64.95,35.55,29.4,11.67,0.9197,"{""factors"": [{""source"": ""photo_quality"", ""value"": ""review""}]}",,,,Vegetative,INCONSISTENT,synthetic/research demonstration; NOT officer-verified PMFBY claim labels
54.14,56.76,2.62,9.52,0.6016,"{""factors"": [{""source"": ""photo_quality"", ""value"": ""acceptable""}]}",,,Flood,,INCONSISTENT,synthetic/research demonstration; NOT officer-verified PMFBY claim labels
60.78,95.74,34.96,1.22,0.8883,"{""factors"": [{""source"": ""photo_quality"", ""value"": ""acceptable""}]}",22.294197,,,,INCONSISTENT,synthetic/research demonstration; NOT officer-verified PMFBY claim labels
83.49,73.36,10.14,6.41,0.4857,"{""factors"": [{""source"": ""photo_quality"", ""value"": ""review""}]}",20.7591,,Pest,Maturity,SUPPORTED,synthetic/research demonstration; NOT officer-verified PMFBY claim labels
78.85,78.35,0.5,10.73,0.7286,"{""factors"": [{""source"": ""photo_quality"", ""value"": ""acceptable""}]}",18.240358,,Pest,Flowering,SUPPORTED,synthetic/research demonstration; NOT officer-verified PMFBY claim labels
72.28,50.17,22.11,8.53,0.5889,"{""factors"": [{""source"": ""photo_quality"", ""value"": ""review""}]}",19.502063,,Hailstorm,Flowering,INCONSISTENT,synthetic/research demonstration; NOT officer-verified PMFBY claim labels
78.54,38.96,39.58,10.14,0.6775,"{""factors"": [{""source"": ""photo_quality"", ""value"": ""review""}]}",19.471209,,Pest,,INCONSISTENT,synthetic/research demonstration; NOT officer-verified PMFBY claim labels
25.6,57.94,32.34,8.72,0.8924,"{""factors"": [{""source"": ""photo_quality"", ""value"": ""review""}]}",21.411631,,,,INCONSISTENT,synthetic/research demonstration; NOT officer-verified PMFBY claim labels
91.57,100,8.43,8.31,0.8134,"{""factors"": [{""source"": ""photo_quality"", ""value"": ""acceptable""}]}",22.013954,,Pest,Vegetative,SUPPORTED,synthetic/research demonstration; NOT officer-verified PMFBY claim labels
37.45,29.13,8.32,10.85,0.5898,"{""factors"": [{""source"": ""photo_quality"", ""value"": ""acceptable""}]}",20.865005,,Flood,Vegetative,SUPPORTED,synthetic/research demonstration; NOT officer-verified PMFBY claim labels
62.15,90.07,27.91,4.17,0.4924,"{""factors"": [{""source"": ""photo_quality"", ""value"": ""acceptable""}]}",21.420629,,,Vegetative,INCONSISTENT,synthetic/research demonstration; NOT officer-verified PMFBY claim labels
66.3,34.21,32.1,2.71,0.9244,"{""factors"": [{""source"": ""photo_quality"", ""value"": ""acceptable""}]}",20.135501,,,,INCONSISTENT,synthetic/research demonstration; NOT officer-verified PMFBY claim labels
44.41,66.25,21.84,11.26,0.6404,"{""factors"": [{""source"": ""photo_quality"", ""value"": ""review""}]}",,,Flood,,INCONSISTENT,synthetic/research demonstration; NOT officer-verified PMFBY claim labels
78.73,74.94,3.79,11.71,0.5467,"{""factors"": [{""source"": ""photo_quality"", ""value"": ""acceptable""}]}",,,Pest,Flowering,SUPPORTED,synthetic/research demonstration; NOT officer-verified PMFBY claim labels
90.57,75.94,14.63,11.84,0.7699,"{""factors"": [{""source"": ""photo_quality"", ""value"": ""acceptable""}]}",19.563577,,Flood,Flowering,SUPPORTED,synthetic/research demonstration; NOT officer-verified PMFBY claim labels
50.56,79.89,29.33,1.78,0.6192,"{""factors"": [{""source"": ""photo_quality"", ""value"": ""review""}]}",19.125206,,Hailstorm,Flowering,INCONSISTENT,synthetic/research demonstration; NOT officer-verified PMFBY claim labels
54.11,94.79,40.68,5.83,0.9256,"{""factors"": [{""source"": ""photo_quality"", ""value"": ""review""}]}",,,,Maturity,INCONSISTENT,synthetic/research demonstration; NOT officer-verified PMFBY claim labels
20.38,59.31,38.93,7.62,0.5597,"{""factors"": [{""source"": ""photo_quality"", ""value"": ""review""}]}",18.893813,,Pest,Maturity,INCONSISTENT,synthetic/research demonstration; NOT officer-verified PMFBY claim labels
73.56,74.06,0.5,10.69,0.5921,"{""factors"": [{""source"": ""photo_quality"", ""value"": ""acceptable""}]}",20.779502,,Drought,Maturity,SUPPORTED,synthetic/research demonstration; NOT officer-verified PMFBY claim labels
29.47,37.92,8.45,0.41,0.7435,"{""factors"": [{""source"": ""photo_quality"", ""value"": ""acceptable""}]}",18.792144,,Pest,Vegetative,SUPPORTED,synthetic/research demonstration; NOT officer-verified PMFBY claim labels
56.43,49.9,6.53,7.53,0.8512,"{""factors"": [{""source"": ""photo_quality"", ""value"": ""review""}]}",18.007914,,Pest,Flowering,SUPPORTED,synthetic/research demonstration; NOT officer-verified PMFBY claim labels
18.06,17.56,0.5,11.2,0.7206,"{""factors"": [{""source"": ""photo_quality"", ""value"": ""acceptable""}]}",19.156178,,Pest,,SUPPORTED,synthetic/research demonstration; NOT officer-verified PMFBY claim labels
89.96,100,10.04,6.38,0.6937,"{""factors"": [{""source"": ""photo_quality"", ""value"": ""acceptable""}]}",22.473239,,Hailstorm,Flowering,SUPPORTED,synthetic/research demonstration; NOT officer-verified PMFBY claim labels
46.78,31.41,15.37,5.92,0.9259,"{""factors"": [{""source"": ""photo_quality"", ""value"": ""acceptable""}]}",21.691302,,Flood,Flowering,SUPPORTED,synthetic/research demonstration; NOT officer-verified PMFBY claim labels
72.16,26.64,45.52,8.12,0.9689,"{""factors"": [{""source"": ""photo_quality"", ""value"": ""acceptable""}]}",,,,Vegetative,INCONSISTENT,synthetic/research demonstration; NOT officer-verified PMFBY claim labels
89.21,83.17,6.04,1.99,0.4352,"{""factors"": [{""source"": ""photo_quality"", ""value"": ""review""}]}",,,Hailstorm,Vegetative,SUPPORTED,synthetic/research demonstration; NOT officer-verified PMFBY claim labels
72.11,55.24,16.88,10.94,0.6263,"{""factors"": [{""source"": ""photo_quality"", ""value"": ""review""}]}",21.132979,,,,INCONSISTENT,synthetic/research demonstration; NOT officer-verified PMFBY claim labels
84.73,81.82,2.91,4.94,0.8752,"{""factors"": [{""source"": ""photo_quality"", ""value"": ""acceptable""}]}",18.26573,,Drought,Flowering,SUPPORTED,synthetic/research demonstration; NOT officer-verified PMFBY claim labels
60.54,83.66,23.12,3.0,0.5634,"{""factors"": [{""source"": ""photo_quality"", ""value"": ""review""}]}",18.552126,,Pest,Maturity,INCONSISTENT,synthetic/research demonstration; NOT officer-verified PMFBY claim labels
75.95,43.67,32.28,4.99,0.532,"{""factors"": [{""source"": ""photo_quality"", ""value"": ""review""}]}",19.565859,,Hailstorm,Flowering,INCONSISTENT,synthetic/research demonstration; NOT officer-verified PMFBY claim labels
71.94,62.83,9.11,10.83,0.6762,"{""factors"": [{""source"": ""photo_quality"", ""value"": ""acceptable""}]}",,,Flood,Flowering,INCONSISTENT,synthetic/research demonstration; NOT officer-verified PMFBY claim labels
18.08,25.86,7.78,3.59,0.6184,"{""factors"": [{""source"": ""photo_quality"", ""value"": ""acceptable""}]}",18.334465,,Flood,Vegetative,SUPPORTED,synthetic/research demonstration; NOT officer-verified PMFBY claim labels
26.78,27.28,0.5,5.81,0.6902,"{""factors"": [{""source"": ""photo_quality"", ""value"": ""acceptable""}]}",20.239218,,Pest,Maturity,SUPPORTED,synthetic/research demonstration; NOT officer-verified PMFBY claim labels
75.31,66.31,9.0,8.66,0.6303,"{""factors"": [{""source"": ""photo_quality"", ""value"": ""acceptable""}]}",18.78049,,Hailstorm,Flowering,SUPPORTED,synthetic/research demonstration; NOT officer-verified PMFBY claim labels
48.85,69.0,20.15,2.77,0.8488,"{""factors"": [{""source"": ""photo_quality"", ""value"": ""acceptable""}]}",21.763154,,Hailstorm,Maturity,INCONSISTENT,synthetic/research demonstration; NOT officer-verified PMFBY claim labels
41.67,52.2,10.53,4.15,0.7927,"{""factors"": [{""source"": ""photo_quality"", ""value"": ""acceptable""}]}",,,Flood,Vegetative,SUPPORTED,synthetic/research demonstration; NOT officer-verified PMFBY claim labels
45.21,33.4,11.81,6.78,0.5861,"{""factors"": [{""source"": ""photo_quality"", ""value"": ""acceptable""}]}",21.656568,,Hailstorm,,SUPPORTED,synthetic/research demonstration; NOT officer-verified PMFBY claim labels
83.54,100,16.46,4.19,0.7203,"{""factors"": [{""source"": ""photo_quality"", ""value"": ""review""}]}",18.835515,,,,INCONSISTENT,synthetic/research demonstration; NOT officer-verified PMFBY claim labels
52.14,56.76,4.63,10.34,0.548,"{""factors"": [{""source"": ""photo_quality"", ""value"": ""acceptable""}]}",18.519461,,Hailstorm,Vegetative,SUPPORTED,synthetic/research demonstration; NOT officer-verified PMFBY claim labels
63.87,35.53,28.34,3.6,0.7609,"{""factors"": [{""source"": ""photo_quality"", ""value"": ""review""}]}",19.783258,,Hailstorm,Maturity,INCONSISTENT,synthetic/research demonstration; NOT officer-verified PMFBY claim labels
23.76,50.14,26.38,7.73,0.4742,"{""factors"": [{""source"": ""photo_quality"", ""value"": ""review""}]}",21.462863,,Drought,,INCONSISTENT,synthetic/research demonstration; NOT officer-verified PMFBY claim labels
79.61,100,20.39,3.02,0.6526,"{""factors"": [{""source"": ""photo_quality"", ""value"": ""acceptable""}]}",,,Flood,,INCONSISTENT,synthetic/research demonstration; NOT officer-verified PMFBY claim labels
63.83,74.51,10.68,0.59,0.5625,"{""factors"": [{""source"": ""photo_quality"", ""value"": ""acceptable""}]}",21.790646,,,,INCONSISTENT,synthetic/research demonstration; NOT officer-verified PMFBY claim labels
64.07,98.95,34.88,4.66,0.9702,"{""factors"": [{""source"": ""photo_quality"", ""value"": ""acceptable""}]}",21.712971,,Drought,Flowering,INCONSISTENT,synthetic/research demonstration; NOT officer-verified PMFBY claim labels
54.61,27.81,26.81,2.5,0.9478,"{""factors"": [{""source"": ""photo_quality"", ""value"": ""review""}]}",18.011508,,Flood,,INCONSISTENT,synthetic/research demonstration; NOT officer-verified PMFBY claim labels
68.62,36.65,31.97,4.91,0.6998,"{""factors"": [{""source"": ""photo_quality"", ""value"": ""acceptable""}]}",,,Pest,,INCONSISTENT,synthetic/research demonstration; NOT officer-verified PMFBY claim labels
21.42,10.26,11.16,1.88,0.5285,"{""factors"": [{""source"": ""photo_quality"", ""value"": ""review""}]}",19.740726,,Hailstorm,Vegetative,SUPPORTED,synthetic/research demonstration; NOT officer-verified PMFBY claim labels
44.13,56.78,12.65,9.01,0.818,"{""factors"": [{""source"": ""photo_quality"", ""value"": ""acceptable""}]}",20.167713,,Pest,Maturity,SUPPORTED,synthetic/research demonstration; NOT officer-verified PMFBY claim labels
29.83,40.13,10.3,1.68,0.4396,"{""factors"": [{""source"": ""photo_quality"", ""value"": ""review""}]}",22.305675,,Drought,Maturity,SUPPORTED,synthetic/research demonstration; NOT officer-verified PMFBY claim labels
82.15,57.18,24.97,4.12,0.8283,"{""factors"": [{""source"": ""photo_quality"", ""value"": ""acceptable""}]}",20.197869,,Flood,Flowering,SUPPORTED,synthetic/research demonstration; NOT officer-verified PMFBY claim labels
29.61,21.62,7.99,4.12,0.9753,"{""factors"": [{""source"": ""photo_quality"", ""value"": ""acceptable""}]}",19.186881,,Flood,Vegetative,SUPPORTED,synthetic/research demonstration; NOT officer-verified PMFBY claim labels
43.3,0,43.3,6.7,0.7844,"{""factors"": [{""source"": ""photo_quality"", ""value"": ""review""}]}",22.238397,,Pest,,INCONSISTENT,synthetic/research demonstration; NOT officer-verified PMFBY claim labels
29.06,37.15,8.09,4.97,0.4225,"{""factors"": [{""source"": ""photo_quality"", ""value"": ""acceptable""}]}",20.607645,,Drought,Vegetative,SUPPORTED,synthetic/research demonstration; NOT officer-verified PMFBY claim labels
72.62,84.4,11.78,4.11,0.6159,"{""factors"": [{""source"": ""photo_quality"", ""value"": ""acceptable""}]}",19.18763,,Pest,Maturity,SUPPORTED,synthetic/research demonstration; NOT officer-verified PMFBY claim labels
79.66,58.6,21.06,6.83,0.8313,"{""factors"": [{""source"": ""photo_quality"", ""value"": ""acceptable""}]}",20.838957,,Flood,Vegetative,SUPPORTED,synthetic/research demonstration; NOT officer-verified PMFBY claim labels
54.67,37.81,16.86,5.12,0.6635,"{""factors"": [{""source"": ""photo_quality"", ""value"": ""review""}]}",19.72115,,Drought,Vegetative,INCONSISTENT,synthetic/research demonstration; NOT officer-verified PMFBY claim labels
70.21,81.27,11.06,1.49,0.4859,"{""factors"": [{""source"": ""photo_quality"", ""value"": ""acceptable""}]}",22.304967,,Flood,,SUPPORTED,synthetic/research demonstration; NOT officer-verified PMFBY claim labels
59.59,66.9,7.31,2.66,0.7981,"{""factors"": [{""source"": ""photo_quality"", ""value"": ""acceptable""}]}",19.098708,,Hailstorm,Flowering,SUPPORTED,synthetic/research demonstration; NOT officer-verified PMFBY claim labels
88.7,47.68,41.03,0.69,0.8591,"{""factors"": [{""source"": ""photo_quality"", ""value"": ""acceptable""}]}",18.55303,,Drought,Flowering,INCONSISTENT,synthetic/research demonstration; NOT officer-verified PMFBY claim labels
22.59,22.09,0.5,7.0,0.9874,"{""factors"": [{""source"": ""photo_quality"", ""value"": ""review""}]}",20.473186,,Drought,Vegetative,SUPPORTED,synthetic/research demonstration; NOT officer-verified PMFBY claim labels
54.1,35.54,18.55,2.75,0.849,"{""factors"": [{""source"": ""photo_quality"", ""value"": ""review""}]}",21.434263,,Flood,Vegetative,INCONSISTENT,synthetic/research demonstration; NOT officer-verified PMFBY claim labels
87.6,100,12.4,6.3,0.7982,"{""factors"": [{""source"": ""photo_quality"", ""value"": ""review""}]}",21.987263,,Flood,Maturity,INCONSISTENT,synthetic/research demonstration; NOT officer-verified PMFBY claim labels
22.32,9.46,12.86,3.57,0.589,"{""factors"": [{""source"": ""photo_quality"", ""value"": ""acceptable""}]}",20.099477,,Hailstorm,Maturity,SUPPORTED,synthetic/research demonstration; NOT officer-verified PMFBY claim labels
47.83,52.57,4.75,4.02,0.9508,"{""factors"": [{""source"": ""photo_quality"", ""value"": ""acceptable""}]}",21.79825,,Drought,Maturity,SUPPORTED,synthetic/research demonstration; NOT officer-verified PMFBY claim labels
62.87,30.45,32.42,8.23,0.6506,"{""factors"": [{""source"": ""photo_quality"", ""value"": ""review""}]}",,,,Vegetative,INCONSISTENT,synthetic/research demonstration; NOT officer-verified PMFBY claim labels
25.76,20.99,4.77,6.01,0.6128,"{""factors"": [{""source"": ""photo_quality"", ""value"": ""acceptable""}]}",18.76525,,Flood,Maturity,SUPPORTED,synthetic/research demonstration; NOT officer-verified PMFBY claim labels
68.98,58.45,10.53,3.85,0.642,"{""factors"": [{""source"": ""photo_quality"", ""value"": ""acceptable""}]}",21.497514,,Drought,Flowering,SUPPORTED,synthetic/research demonstration; NOT officer-verified PMFBY claim labels
42.38,39.16,3.21,1.66,0.7452,"{""factors"": [{""source"": ""photo_quality"", ""value"": ""acceptable""}]}",18.142541,,Hailstorm,Flowering,SUPPORTED,synthetic/research demonstration; NOT officer-verified PMFBY claim labels
66.1,100,33.9,3.34,0.5956,"{""factors"": [{""source"": ""photo_quality"", ""value"": ""acceptable""}]}",,,Flood,Vegetative,INCONSISTENT,synthetic/research demonstration; NOT officer-verified PMFBY claim labels
88.55,100,11.45,6.28,0.4589,"{""factors"": [{""source"": ""photo_quality"", ""value"": ""acceptable""}]}",22.050383,,Pest,Vegetative,INCONSISTENT,synthetic/research demonstration; NOT officer-verified PMFBY claim labels
48.4,48.9,0.5,7.22,0.4636,"{""factors"": [{""source"": ""photo_quality"", ""value"": ""acceptable""}]}",18.795152,,Hailstorm,Vegetative,SUPPORTED,synthetic/research demonstration; NOT officer-verified PMFBY claim labels
85.95,96.68,10.74,5.29,0.8102,"{""factors"": [{""source"": ""photo_quality"", ""value"": ""review""}]}",22.112423,,,Maturity,SUPPORTED,synthetic/research demonstration; NOT officer-verified PMFBY claim labels
27.85,30.51,2.66,10.95,0.9023,"{""factors"": [{""source"": ""photo_quality"", ""value"": ""acceptable""}]}",21.633913,,Hailstorm,Maturity,SUPPORTED,synthetic/research demonstration; NOT officer-verified PMFBY claim labels
36.98,6.24,30.74,6.76,0.9091,"{""factors"": [{""source"": ""photo_quality"", ""value"": ""review""}]}",20.943475,,Pest,,INCONSISTENT,synthetic/research demonstration; NOT officer-verified PMFBY claim labels
42.04,19.13,22.91,6.44,0.4459,"{""factors"": [{""source"": ""photo_quality"", ""value"": ""review""}]}",,,Flood,,INCONSISTENT,synthetic/research demonstration; NOT officer-verified PMFBY claim labels
59.8,50.54,9.26,7.37,0.8217,"{""factors"": [{""source"": ""photo_quality"", ""value"": ""review""}]}",20.592692,,Flood,Flowering,SUPPORTED,synthetic/research demonstration; NOT officer-verified PMFBY claim labels
36.35,35.85,0.5,2.86,0.4949,"{""factors"": [{""source"": ""photo_quality"", ""value"": ""acceptable""}]}",20.724607,,Hailstorm,Flowering,SUPPORTED,synthetic/research demonstration; NOT officer-verified PMFBY claim labels
38.97,70.32,31.34,6.93,0.8881,"{""factors"": [{""source"": ""photo_quality"", ""value"": ""review""}]}",18.44582,,Pest,Flowering,INCONSISTENT,synthetic/research demonstration; NOT officer-verified PMFBY claim labels
38.91,39.41,0.5,11.18,0.4542,"{""factors"": [{""source"": ""photo_quality"", ""value"": ""review""}]}",20.827456,,Drought,Vegetative,SUPPORTED,synthetic/research demonstration; NOT officer-verified PMFBY claim labels
27.86,41.05,13.19,5.45,0.7714,"{""factors"": [{""source"": ""photo_quality"", ""value"": ""acceptable""}]}",18.343942,,Hailstorm,Maturity,SUPPORTED,synthetic/research demonstration; NOT officer-verified PMFBY claim labels
40.63,8.38,32.25,4.41,0.4868,"{""factors"": [{""source"": ""photo_quality"", ""value"": ""review""}]}",19.469152,,,Flowering,INCONSISTENT,synthetic/research demonstration; NOT officer-verified PMFBY claim labels
84.67,93.3,8.63,8.56,0.6178,"{""factors"": [{""source"": ""photo_quality"", ""value"": ""acceptable""}]}",21.034625,,Hailstorm,Flowering,SUPPORTED,synthetic/research demonstration; NOT officer-verified PMFBY claim labels
52.16,52.66,0.5,6.61,0.6598,"{""factors"": [{""source"": ""photo_quality"", ""value"": ""acceptable""}]}",22.264864,,Pest,Maturity,SUPPORTED,synthetic/research demonstration; NOT officer-verified PMFBY claim labels
91.4,76.89,14.51,1.04,0.9629,"{""factors"": [{""source"": ""photo_quality"", ""value"": ""acceptable""}]}",22.418671,,Pest,Maturity,SUPPORTED,synthetic/research demonstration; NOT officer-verified PMFBY claim labels
26.82,27.56,0.74,3.08,0.4537,"{""factors"": [{""source"": ""photo_quality"", ""value"": ""acceptable""}]}",20.601701,,Hailstorm,Flowering,SUPPORTED,synthetic/research demonstration; NOT officer-verified PMFBY claim labels
47.46,53.07,5.61,1.73,0.4265,"{""factors"": [{""source"": ""photo_quality"", ""value"": ""acceptable""}]}",21.21978,,Flood,Maturity,SUPPORTED,synthetic/research demonstration; NOT officer-verified PMFBY claim labels
34.43,24.89,9.54,6.43,0.4717,"{""factors"": [{""source"": ""photo_quality"", ""value"": ""acceptable""}]}",20.187684,,Pest,Maturity,SUPPORTED,synthetic/research demonstration; NOT officer-verified PMFBY claim labels
46.95,18.65,28.3,5.76,0.8779,"{""factors"": [{""source"": ""photo_quality"", ""value"": ""acceptable""}]}",22.357436,,,Vegetative,INCONSISTENT,synthetic/research demonstration; NOT officer-verified PMFBY claim labels
67.44,81.19,13.75,1.65,0.9851,"{""factors"": [{""source"": ""photo_quality"", ""value"": ""acceptable""}]}",21.273984,,Pest,Vegetative,SUPPORTED,synthetic/research demonstration; NOT officer-verified PMFBY claim labels
45.48,70.03,24.56,9.66,0.591,"{""factors"": [{""source"": ""photo_quality"", ""value"": ""review""}]}",21.250931,,Pest,,INCONSISTENT,synthetic/research demonstration; NOT officer-verified PMFBY claim labels
48.99,37.1,11.89,3.72,0.4709,"{""factors"": [{""source"": ""photo_quality"", ""value"": ""acceptable""}]}",22.099806,,Pest,Flowering,SUPPORTED,synthetic/research demonstration; NOT officer-verified PMFBY claim labels
16.65,39.66,23.01,9.06,0.9773,"{""factors"": [{""source"": ""photo_quality"", ""value"": ""acceptable""}]}",18.464119,,Drought,Flowering,INCONSISTENT,synthetic/research demonstration; NOT officer-verified PMFBY claim labels
29.65,66.16,36.51,7.21,0.8046,"{""factors"": [{""source"": ""photo_quality"", ""value"": ""acceptable""}]}",21.71955,,Pest,,INCONSISTENT,synthetic/research demonstration; NOT officer-verified PMFBY claim labels
75.47,88.11,12.64,10.19,0.505,"{""factors"": [{""source"": ""photo_quality"", ""value"": ""acceptable""}]}",,,Pest,,INCONSISTENT,synthetic/research demonstration; NOT officer-verified PMFBY claim labels
89.73,87.88,1.85,10.19,0.5361,"{""factors"": [{""source"": ""photo_quality"", ""value"": ""acceptable""}]}",21.122786,,,Flowering,SUPPORTED,synthetic/research demonstration; NOT officer-verified PMFBY claim labels
32.96,65.91,32.94,6.89,0.5439,"{""factors"": [{""source"": ""photo_quality"", ""value"": ""review""}]}",,,Flood,Vegetative,INCONSISTENT,synthetic/research demonstration; NOT officer-verified PMFBY claim labels
65.45,93.87,28.43,11.81,0.5054,"{""factors"": [{""source"": ""photo_quality"", ""value"": ""review""}]}",21.895601,,,Vegetative,INCONSISTENT,synthetic/research demonstration; NOT officer-verified PMFBY claim labels
73.02,100,26.98,11.23,0.5854,"{""factors"": [{""source"": ""photo_quality"", ""value"": ""review""}]}",20.876998,,,,INCONSISTENT,synthetic/research demonstration; NOT officer-verified PMFBY claim labels
64.35,41.91,22.44,9.17,0.5847,"{""factors"": [{""source"": ""photo_quality"", ""value"": ""review""}]}",21.670391,,Flood,Vegetative,SUPPORTED,synthetic/research demonstration; NOT officer-verified PMFBY claim labels
91.05,77.28,13.77,3.66,0.7316,"{""factors"": [{""source"": ""photo_quality"", ""value"": ""acceptable""}]}",,,Drought,Vegetative,INCONSISTENT,synthetic/research demonstration; NOT officer-verified PMFBY claim labels
17.64,0.16,17.48,5.18,0.952,"{""factors"": [{""source"": ""photo_quality"", ""value"": ""review""}]}",,,Flood,Flowering,INCONSISTENT,synthetic/research demonstration; NOT officer-verified PMFBY claim labels
77.3,89.22,11.92,7.24,0.7813,"{""factors"": [{""source"": ""photo_quality"", ""value"": ""review""}]}",,,,Vegetative,INCONSISTENT,synthetic/research demonstration; NOT officer-verified PMFBY claim labels
79.0,100,21.0,10.55,0.4923,"{""factors"": [{""source"": ""photo_quality"", ""value"": ""review""}]}",22.399761,,Hailstorm,Flowering,INCONSISTENT,synthetic/research demonstration; NOT officer-verified PMFBY claim labels
68.65,70.52,1.87,9.33,0.4647,"{""factors"": [{""source"": ""photo_quality"", ""value"": ""acceptable""}]}",,,Pest,Flowering,SUPPORTED,synthetic/research demonstration; NOT officer-verified PMFBY claim labels
45.74,5.48,40.26,7.6,0.677,"{""factors"": [{""source"": ""photo_quality"", ""value"": ""review""}]}",19.858245,,,,INCONSISTENT,synthetic/research demonstration; NOT officer-verified PMFBY claim labels
29.42,25.11,4.31,0.43,0.6642,"{""factors"": [{""source"": ""photo_quality"", ""value"": ""acceptable""}]}",20.398249,,Pest,Flowering,SUPPORTED,synthetic/research demonstration; NOT officer-verified PMFBY claim labels
60.28,35.83,24.45,2.63,0.8642,"{""factors"": [{""source"": ""photo_quality"", ""value"": ""review""}]}",21.877058,,Pest,Maturity,INCONSISTENT,synthetic/research demonstration; NOT officer-verified PMFBY claim labels
75.76,80.91,5.16,0.53,0.8724,"{""factors"": [{""source"": ""photo_quality"", ""value"": ""acceptable""}]}",22.370108,,Hailstorm,Maturity,SUPPORTED,synthetic/research demonstration; NOT officer-verified PMFBY claim labels
38.77,37.45,1.33,3.62,0.8432,"{""factors"": [{""source"": ""photo_quality"", ""value"": ""acceptable""}]}",21.862834,,Flood,Maturity,SUPPORTED,synthetic/research demonstration; NOT officer-verified PMFBY claim labels
16.92,0,16.92,5.83,0.871,"{""factors"": [{""source"": ""photo_quality"", ""value"": ""review""}]}",22.415797,,Pest,Maturity,INCONSISTENT,synthetic/research demonstration; NOT officer-verified PMFBY claim labels
35.94,58.61,22.67,5.93,0.944,"{""factors"": [{""source"": ""photo_quality"", ""value"": ""acceptable""}]}",21.670052,,Hailstorm,Maturity,INCONSISTENT,synthetic/research demonstration; NOT officer-verified PMFBY claim labels
27.31,33.8,6.49,6.4,0.4789,"{""factors"": [{""source"": ""photo_quality"", ""value"": ""acceptable""}]}",,,Pest,Flowering,SUPPORTED,synthetic/research demonstration; NOT officer-verified PMFBY claim labels
42.73,63.0,20.28,8.08,0.5481,"{""factors"": [{""source"": ""photo_quality"", ""value"": ""review""}]}",22.090639,,Flood,Flowering,SUPPORTED,synthetic/research demonstration; NOT officer-verified PMFBY claim labels
49.65,64.68,15.02,0.65,0.9182,"{""factors"": [{""source"": ""photo_quality"", ""value"": ""acceptable""}]}",18.645615,,Hailstorm,Flowering,SUPPORTED,synthetic/research demonstration; NOT officer-verified PMFBY claim labels
90.95,100,9.05,4.26,0.454,"{""factors"": [{""source"": ""photo_quality"", ""value"": ""acceptable""}]}",22.202202,,Flood,Vegetative,SUPPORTED,synthetic/research demonstration; NOT officer-verified PMFBY claim labels
27.71,0,27.71,8.17,0.5783,"{""factors"": [{""source"": ""photo_quality"", ""value"": ""acceptable""}]}",21.90057,,Flood,Vegetative,INCONSISTENT,synthetic/research demonstration; NOT officer-verified PMFBY claim labels
80.69,77.05,3.64,7.01,0.6888,"{""factors"": [{""source"": ""photo_quality"", ""value"": ""acceptable""}]}",18.136253,,Pest,Flowering,SUPPORTED,synthetic/research demonstration; NOT officer-verified PMFBY claim labels
30.8,20.65,10.15,11.74,0.4643,"{""factors"": [{""source"": ""photo_quality"", ""value"": ""acceptable""}]}",18.492965,,Pest,Flowering,SUPPORTED,synthetic/research demonstration; NOT officer-verified PMFBY claim labels
36.42,36.92,0.5,11.44,0.7809,"{""factors"": [{""source"": ""photo_quality"", ""value"": ""acceptable""}]}",22.334132,,Drought,Vegetative,SUPPORTED,synthetic/research demonstration; NOT officer-verified PMFBY claim labels
39.54,40.04,0.5,1.05,0.46,"{""factors"": [{""source"": ""photo_quality"", ""value"": ""acceptable""}]}",22.267367,,Hailstorm,Vegetative,SUPPORTED,synthetic/research demonstration; NOT officer-verified PMFBY claim labels
23.81,13.06,10.75,8.89,0.8535,"{""factors"": [{""source"": ""photo_quality"", ""value"": ""review""}]}",,,Hailstorm,Maturity,INCONSISTENT,synthetic/research demonstration; NOT officer-verified PMFBY claim labels
41.97,72.31,30.34,3.01,0.4434,"{""factors"": [{""source"": ""photo_quality"", ""value"": ""review""}]}",,,Pest,,INCONSISTENT,synthetic/research demonstration; NOT officer-verified PMFBY claim labels
77.96,54.81,23.15,10.75,0.7482,"{""factors"": [{""source"": ""photo_quality"", ""value"": ""review""}]}",18.922532,,,Maturity,INCONSISTENT,synthetic/research demonstration; NOT officer-verified PMFBY claim labels
37.43,24.09,13.34,5.91,0.7441,"{""factors"": [{""source"": ""photo_quality"", ""value"": ""acceptable""}]}",,,,Vegetative,INCONSISTENT,synthetic/research demonstration; NOT officer-verified PMFBY claim labels
20.33,61.88,41.55,6.64,0.6628,"{""factors"": [{""source"": ""photo_quality"", ""value"": ""acceptable""}]}",19.252193,,Drought,Maturity,INCONSISTENT,synthetic/research demonstration; NOT officer-verified PMFBY claim labels
28.27,50.25,21.97,8.5,0.4267,"{""factors"": [{""source"": ""photo_quality"", ""value"": ""acceptable""}]}",,,,Flowering,INCONSISTENT,synthetic/research demonstration; NOT officer-verified PMFBY claim labels
75.37,100,24.63,0.41,0.9551,"{""factors"": [{""source"": ""photo_quality"", ""value"": ""acceptable""}]}",21.128712,,,,INCONSISTENT,synthetic/research demonstration; NOT officer-verified PMFBY claim labels
31.13,35.48,4.35,4.58,0.466,"{""factors"": [{""source"": ""photo_quality"", ""value"": ""review""}]}",20.516047,,Pest,Vegetative,SUPPORTED,synthetic/research demonstration; NOT officer-verified PMFBY claim labels
89.63,100,10.37,1.37,0.6713,"{""factors"": [{""source"": ""photo_quality"", ""value"": ""review""}]}",21.691122,,Hailstorm,,INCONSISTENT,synthetic/research demonstration; NOT officer-verified PMFBY claim labels
46.15,26.37,19.78,8.12,0.978,"{""factors"": [{""source"": ""photo_quality"", ""value"": ""review""}]}",18.262104,,Hailstorm,Vegetative,INCONSISTENT,synthetic/research demonstration; NOT officer-verified PMFBY claim labels
35.33,50.43,15.09,11.28,0.4845,"{""factors"": [{""source"": ""photo_quality"", ""value"": ""acceptable""}]}",18.367879,,Pest,Flowering,SUPPORTED,synthetic/research demonstration; NOT officer-verified PMFBY claim labels
32.81,63.5,30.69,1.75,0.6296,"{""factors"": [{""source"": ""photo_quality"", ""value"": ""review""}]}",,,Drought,Maturity,INCONSISTENT,synthetic/research demonstration; NOT officer-verified PMFBY claim labels
32.56,14.3,18.26,6.92,0.5758,"{""factors"": [{""source"": ""photo_quality"", ""value"": ""acceptable""}]}",19.163402,,Flood,Vegetative,INCONSISTENT,synthetic/research demonstration; NOT officer-verified PMFBY claim labels
28.68,40.82,12.14,6.79,0.7105,"{""factors"": [{""source"": ""photo_quality"", ""value"": ""review""}]}",18.132805,,Drought,Vegetative,SUPPORTED,synthetic/research demonstration; NOT officer-verified PMFBY claim labels
66.21,100,33.79,2.87,0.6705,"{""factors"": [{""source"": ""photo_quality"", ""value"": ""review""}]}",20.598698,,Flood,,INCONSISTENT,synthetic/research demonstration; NOT officer-verified PMFBY claim labels
48.12,34.53,13.58,10.81,0.7472,"{""factors"": [{""source"": ""photo_quality"", ""value"": ""acceptable""}]}",18.825095,,Drought,Maturity,SUPPORTED,synthetic/research demonstration; NOT officer-verified PMFBY claim labels
63.57,53.46,10.1,3.73,0.7257,"{""factors"": [{""source"": ""photo_quality"", ""value"": ""review""}]}",20.773227,,Hailstorm,Vegetative,SUPPORTED,synthetic/research demonstration; NOT officer-verified PMFBY claim labels
51.96,34.52,17.44,5.27,0.6256,"{""factors"": [{""source"": ""photo_quality"", ""value"": ""review""}]}",18.998968,,Hailstorm,,INCONSISTENT,synthetic/research demonstration; NOT officer-verified PMFBY claim labels
90.85,100,9.15,3.05,0.5263,"{""factors"": [{""source"": ""photo_quality"", ""value"": ""acceptable""}]}",20.509111,,Hailstorm,Vegetative,SUPPORTED,synthetic/research demonstration; NOT officer-verified PMFBY claim labels
88.2,86.7,1.5,5.71,0.979,"{""factors"": [{""source"": ""photo_quality"", ""value"": ""acceptable""}]}",19.14385,,Drought,Vegetative,SUPPORTED,synthetic/research demonstration; NOT officer-verified PMFBY claim labels
56.74,83.69,26.95,5.93,0.8879,"{""factors"": [{""source"": ""photo_quality"", ""value"": ""review""}]}",20.887214,,Flood,Vegetative,INCONSISTENT,synthetic/research demonstration; NOT officer-verified PMFBY claim labels
36.52,19.78,16.74,0.78,0.7528,"{""factors"": [{""source"": ""photo_quality"", ""value"": ""acceptable""}]}",,,Hailstorm,Vegetative,INCONSISTENT,synthetic/research demonstration; NOT officer-verified PMFBY claim labels
70.54,47.1,23.44,7.87,0.5852,"{""factors"": [{""source"": ""photo_quality"", ""value"": ""review""}]}",,,Drought,,INCONSISTENT,synthetic/research demonstration; NOT officer-verified PMFBY claim labels
18.69,12.5,6.19,10.93,0.5921,"{""factors"": [{""source"": ""photo_quality"", ""value"": ""acceptable""}]}",,,Flood,Vegetative,SUPPORTED,synthetic/research demonstration; NOT officer-verified PMFBY claim labels
23.27,41.1,17.82,2.78,0.8658,"{""factors"": [{""source"": ""photo_quality"", ""value"": ""review""}]}",18.090535,,Flood,,INCONSISTENT,synthetic/research demonstration; NOT officer-verified PMFBY claim labels
58.84,42.81,16.02,6.98,0.6433,"{""factors"": [{""source"": ""photo_quality"", ""value"": ""review""}]}",19.485901,,Drought,Maturity,INCONSISTENT,synthetic/research demonstration; NOT officer-verified PMFBY claim labels
89.4,97.73,8.33,1.4,0.5439,"{""factors"": [{""source"": ""photo_quality"", ""value"": ""acceptable""}]}",,,Drought,Vegetative,SUPPORTED,synthetic/research demonstration; NOT officer-verified PMFBY claim labels
30.93,0,30.93,7.15,0.4907,"{""factors"": [{""source"": ""photo_quality"", ""value"": ""review""}]}",18.666419,,Drought,,INCONSISTENT,synthetic/research demonstration; NOT officer-verified PMFBY claim labels
74.34,100,25.66,9.83,0.7834,"{""factors"": [{""source"": ""photo_quality"", ""value"": ""review""}]}",,,,Maturity,INCONSISTENT,synthetic/research demonstration; NOT officer-verified PMFBY claim labels
48.02,49.99,1.97,4.44,0.8238,"{""factors"": [{""source"": ""photo_quality"", ""value"": ""acceptable""}]}",,,Hailstorm,Maturity,SUPPORTED,synthetic/research demonstration; NOT officer-verified PMFBY claim labels
38.14,47.77,9.63,8.81,0.4995,"{""factors"": [{""source"": ""photo_quality"", ""value"": ""acceptable""}]}",19.300941,,Flood,Flowering,SUPPORTED,synthetic/research demonstration; NOT officer-verified PMFBY claim labels
22.79,55.88,33.09,4.52,0.4411,"{""factors"": [{""source"": ""photo_quality"", ""value"": ""review""}]}",,,Flood,,INCONSISTENT,synthetic/research demonstration; NOT officer-verified PMFBY claim labels
58.19,81.52,23.33,1.17,0.9335,"{""factors"": [{""source"": ""photo_quality"", ""value"": ""acceptable""}]}",19.261379,,,,INCONSISTENT,synthetic/research demonstration; NOT officer-verified PMFBY claim labels
41.63,0.57,41.07,9.15,0.8388,"{""factors"": [{""source"": ""photo_quality"", ""value"": ""acceptable""}]}",,,,,INCONSISTENT,synthetic/research demonstration; NOT officer-verified PMFBY claim labels
61.28,91.38,30.1,6.03,0.6518,"{""factors"": [{""source"": ""photo_quality"", ""value"": ""review""}]}",,,Hailstorm,Maturity,INCONSISTENT,synthetic/research demonstration; NOT officer-verified PMFBY claim labels
37.57,37.07,0.5,7.47,0.9308,"{""factors"": [{""source"": ""photo_quality"", ""value"": ""acceptable""}]}",20.466457,,Flood,Vegetative,SUPPORTED,synthetic/research demonstration; NOT officer-verified PMFBY claim labels
89.21,88.71,0.5,9.49,0.9661,"{""factors"": [{""source"": ""photo_quality"", ""value"": ""acceptable""}]}",19.002717,,Drought,Flowering,SUPPORTED,synthetic/research demonstration; NOT officer-verified PMFBY claim labels
42.7,23.18,19.53,11.16,0.6527,"{""factors"": [{""source"": ""photo_quality"", ""value"": ""review""}]}",20.08773,,Pest,Flowering,SUPPORTED,synthetic/research demonstration; NOT officer-verified PMFBY claim labels
75.17,70.65,4.51,6.38,0.4907,"{""factors"": [{""source"": ""photo_quality"", ""value"": ""acceptable""}]}",18.952338,,Flood,Maturity,SUPPORTED,synthetic/research demonstration; NOT officer-verified PMFBY claim labels
65.53,71.15,5.62,8.98,0.6145,"{""factors"": [{""source"": ""photo_quality"", ""value"": ""acceptable""}]}",22.441424,,Drought,Vegetative,SUPPORTED,synthetic/research demonstration; NOT officer-verified PMFBY claim labels
50.51,81.36,30.85,5.06,0.8584,"{""factors"": [{""source"": ""photo_quality"", ""value"": ""acceptable""}]}",21.085697,,,Flowering,INCONSISTENT,synthetic/research demonstration; NOT officer-verified PMFBY claim labels
88.81,61.34,27.47,1.82,0.7489,"{""factors"": [{""source"": ""photo_quality"", ""value"": ""acceptable""}]}",22.497502,,,,INCONSISTENT,synthetic/research demonstration; NOT officer-verified PMFBY claim labels
78.2,76.31,1.9,2.61,0.8971,"{""factors"": [{""source"": ""photo_quality"", ""value"": ""acceptable""}]}",18.021022,,,Vegetative,SUPPORTED,synthetic/research demonstration; NOT officer-verified PMFBY claim labels
69.65,88.76,19.11,6.19,0.5066,"{""factors"": [{""source"": ""photo_quality"", ""value"": ""acceptable""}]}",,,,,INCONSISTENT,synthetic/research demonstration; NOT officer-verified PMFBY claim labels
24.8,52.02,27.21,3.34,0.5602,"{""factors"": [{""source"": ""photo_quality"", ""value"": ""review""}]}",19.310921,,,,INCONSISTENT,synthetic/research demonstration; NOT officer-verified PMFBY claim labels
53.75,97.57,43.82,11.69,0.6301,"{""factors"": [{""source"": ""photo_quality"", ""value"": ""review""}]}",21.818205,,Flood,Flowering,INCONSISTENT,synthetic/research demonstration; NOT officer-verified PMFBY claim labels
56.23,47.85,8.37,9.7,0.8454,"{""factors"": [{""source"": ""photo_quality"", ""value"": ""acceptable""}]}",,,Hailstorm,Vegetative,SUPPORTED,synthetic/research demonstration; NOT officer-verified PMFBY claim labels
67.63,10.01,57.62,5.4,0.7047,"{""factors"": [{""source"": ""photo_quality"", ""value"": ""review""}]}",22.481125,,,Flowering,INCONSISTENT,synthetic/research demonstration; NOT officer-verified PMFBY claim labels
17.15,33.9,16.75,6.53,0.8852,"{""factors"": [{""source"": ""photo_quality"", ""value"": ""acceptable""}]}",20.337298,,Pest,Flowering,SUPPORTED,synthetic/research demonstration; NOT officer-verified PMFBY claim labels
52.17,22.67,29.5,1.77,0.7177,"{""factors"": [{""source"": ""photo_quality"", ""value"": ""acceptable""}]}",18.390076,,Pest,,INCONSISTENT,synthetic/research demonstration; NOT officer-verified PMFBY claim labels
46.28,17.07,29.21,2.91,0.5732,"{""factors"": [{""source"": ""photo_quality"", ""value"": ""acceptable""}]}",19.564202,,Hailstorm,Maturity,INCONSISTENT,synthetic/research demonstration; NOT officer-verified PMFBY claim labels
91.88,100,8.12,4.79,0.7231,"{""factors"": [{""source"": ""photo_quality"", ""value"": ""review""}]}",18.324804,,Flood,Flowering,SUPPORTED,synthetic/research demonstration; NOT officer-verified PMFBY claim labels
76.32,68.41,7.9,3.65,0.6309,"{""factors"": [{""source"": ""photo_quality"", ""value"": ""acceptable""}]}",19.819812,,,Flowering,SUPPORTED,synthetic/research demonstration; NOT officer-verified PMFBY claim labels
42.97,7.1,35.87,4.92,0.8336,"{""factors"": [{""source"": ""photo_quality"", ""value"": ""review""}]}",18.923942,,Drought,Maturity,INCONSISTENT,synthetic/research demonstration; NOT officer-verified PMFBY claim labels
29.3,24.08,5.22,3.94,0.8747,"{""factors"": [{""source"": ""photo_quality"", ""value"": ""acceptable""}]}",20.866554,,Hailstorm,Maturity,SUPPORTED,synthetic/research demonstration; NOT officer-verified PMFBY claim labels
50.83,58.26,7.43,4.18,0.942,"{""factors"": [{""source"": ""photo_quality"", ""value"": ""acceptable""}]}",18.909172,,Drought,Maturity,SUPPORTED,synthetic/research demonstration; NOT officer-verified PMFBY claim labels
56.28,92.69,36.41,6.94,0.7586,"{""factors"": [{""source"": ""photo_quality"", ""value"": ""review""}]}",,,Flood,Flowering,INCONSISTENT,synthetic/research demonstration; NOT officer-verified PMFBY claim labels
20.99,7.58,13.41,4.51,0.8802,"{""factors"": [{""source"": ""photo_quality"", ""value"": ""acceptable""}]}",19.353202,,Hailstorm,Flowering,SUPPORTED,synthetic/research demonstration; NOT officer-verified PMFBY claim labels
53.1,52.6,0.5,10.27,0.8898,"{""factors"": [{""source"": ""photo_quality"", ""value"": ""acceptable""}]}",,,Flood,Vegetative,SUPPORTED,synthetic/research demonstration; NOT officer-verified PMFBY claim labels
75.15,91.45,16.29,7.88,0.6668,"{""factors"": [{""source"": ""photo_quality"", ""value"": ""acceptable""}]}",20.422162,,Pest,Vegetative,SUPPORTED,synthetic/research demonstration; NOT officer-verified PMFBY claim labels
53.98,77.57,23.59,11.14,0.892,"{""factors"": [{""source"": ""photo_quality"", ""value"": ""review""}]}",20.777249,,,Maturity,INCONSISTENT,synthetic/research demonstration; NOT officer-verified PMFBY claim labels
42.2,43.29,1.09,9.69,0.8608,"{""factors"": [{""source"": ""photo_quality"", ""value"": ""acceptable""}]}",22.012161,,Hailstorm,Vegetative,SUPPORTED,synthetic/research demonstration; NOT officer-verified PMFBY claim labels
51.04,51.67,0.63,1.48,0.487,"{""factors"": [{""source"": ""photo_quality"", ""value"": ""acceptable""}]}",19.271124,,,Vegetative,SUPPORTED,synthetic/research demonstration; NOT officer-verified PMFBY claim labels
17.53,40.68,23.15,3.75,0.5715,"{""factors"": [{""source"": ""photo_quality"", ""value"": ""acceptable""}]}",18.123584,,Pest,,INCONSISTENT,synthetic/research demonstration; NOT officer-verified PMFBY claim labels
54.15,72.31,18.16,6.68,0.7702,"{""factors"": [{""source"": ""photo_quality"", ""value"": ""acceptable""}]}",,,,Maturity,INCONSISTENT,synthetic/research demonstration; NOT officer-verified PMFBY claim labels
70.28,67.38,2.9,5.07,0.4235,"{""factors"": [{""source"": ""photo_quality"", ""value"": ""acceptable""}]}",21.43417,,Pest,Maturity,SUPPORTED,synthetic/research demonstration; NOT officer-verified PMFBY claim labels
66.62,27.48,39.14,7.05,0.9886,"{""factors"": [{""source"": ""photo_quality"", ""value"": ""review""}]}",21.828843,,,Flowering,INCONSISTENT,synthetic/research demonstration; NOT officer-verified PMFBY claim labels
64.18,25.74,38.44,10.21,0.8059,"{""factors"": [{""source"": ""photo_quality"", ""value"": ""acceptable""}]}",19.901042,,Drought,,INCONSISTENT,synthetic/research demonstration; NOT officer-verified PMFBY claim labels
62.47,67.09,4.62,7.55,0.9603,"{""factors"": [{""source"": ""photo_quality"", ""value"": ""acceptable""}]}",22.050021,,Pest,Maturity,SUPPORTED,synthetic/research demonstration; NOT officer-verified PMFBY claim labels
69.64,55.7,13.94,7.61,0.6367,"{""factors"": [{""source"": ""photo_quality"", ""value"": ""acceptable""}]}",20.591251,,Hailstorm,Maturity,SUPPORTED,synthetic/research demonstration; NOT officer-verified PMFBY claim labels
65.48,75.26,9.79,6.01,0.7204,"{""factors"": [{""source"": ""photo_quality"", ""value"": ""acceptable""}]}",21.168969,,Pest,Maturity,SUPPORTED,synthetic/research demonstration; NOT officer-verified PMFBY claim labels
66.3,23.79,42.51,8.43,0.4554,"{""factors"": [{""source"": ""photo_quality"", ""value"": ""review""}]}",,,,Maturity,INCONSISTENT,synthetic/research demonstration; NOT officer-verified PMFBY claim labels
79.1,67.98,11.13,10.14,0.8125,"{""factors"": [{""source"": ""photo_quality"", ""value"": ""acceptable""}]}",20.846692,,Drought,Flowering,SUPPORTED,synthetic/research demonstration; NOT officer-verified PMFBY claim labels
49.92,80.52,30.6,2.08,0.6613,"{""factors"": [{""source"": ""photo_quality"", ""value"": ""review""}]}",19.140901,,Pest,,INCONSISTENT,synthetic/research demonstration; NOT officer-verified PMFBY claim labels
15.97,9.04,6.93,10.26,0.7692,"{""factors"": [{""source"": ""photo_quality"", ""value"": ""acceptable""}]}",19.888055,,Drought,Vegetative,SUPPORTED,synthetic/research demonstration; NOT officer-verified PMFBY claim labels
49.35,35.01,14.34,1.4,0.6675,"{""factors"": [{""source"": ""photo_quality"", ""value"": ""acceptable""}]}",18.954087,,Hailstorm,Flowering,SUPPORTED,synthetic/research demonstration; NOT officer-verified PMFBY claim labels
22.79,14.53,8.26,7.78,0.9411,"{""factors"": [{""source"": ""photo_quality"", ""value"": ""acceptable""}]}",18.910786,,Flood,Vegetative,SUPPORTED,synthetic/research demonstration; NOT officer-verified PMFBY claim labels
47.04,27.81,19.24,6.64,0.5737,"{""factors"": [{""source"": ""photo_quality"", ""value"": ""review""}]}",22.378675,,Drought,Maturity,INCONSISTENT,synthetic/research demonstration; NOT officer-verified PMFBY claim labels
29.11,24.43,4.68,0.47,0.7067,"{""factors"": [{""source"": ""photo_quality"", ""value"": ""acceptable""}]}",22.261655,,Hailstorm,Flowering,SUPPORTED,synthetic/research demonstration; NOT officer-verified PMFBY claim labels
28.59,0,28.59,11.21,0.6395,"{""factors"": [{""source"": ""photo_quality"", ""value"": ""review""}]}",,,,,INCONSISTENT,synthetic/research demonstration; NOT officer-verified PMFBY claim labels
